response,theme
Greater availability for online students,Online Accessibility
Easily obtained and accessible information. ,Accessibility
Easier access to sources or relevant information that is not as easy to find ,Information Accessibility
"if they work, helping give examples or providing basic info",Basic Information
It gives students concise answers that may have gone unanswered otherwise.,Concise Answers
Learning things in-depth,In-depth learning
Help answers students questions about school work ,Academic Support
It is an ultimately helpful tool for educational purposes. You have examples at your fingertips to do possibly anything.,Educational Tool
Access to knowledge as a study tool,Study Tool
Access and Availability are two key benefits.   These systems can operate and be accessible around the clock and at any location that is accessible to the web (including a portable smart device),Accessibility Benefits
Expansion info,Supplementary Details
Immediate and concise answers.,Succinct Responses
They are a great source to find information,Information Source
access to information to learn about a topic,Access to Information
Research opportunities/ Information Hub ,Research Opportunities
It can give quick summaries of important topics. ,Information Summaries
Give new information you dont know,New information
Chatbots are great for summarizing material. ,Summarization Capabilities
"Providing instant feedback for questions about certain concepts, theorems, or models and possibly referring students to information/websites that have more credibility. ",Instant Feedback
"I absolutely see benefits and opportunities using AI chatbots in educational settings! You can cater a chat bot to help you acquire more knowledge on a specific topic, in a field you are struggling in.",AI in Education
Access to resources/info some might have otherwise not have,Increased Accessibility
"If used correctly, could be a great learning resource. If you ask an AI chatbot for assistance in maybe defining a term then it can be a useful tool. ",Educational Tool
Information,Test Information
I think AI can be a great help. I personally use it often to ask for formulas in excel that I don't have committed to memory. ,AI Assistance
AI would provide an even broader resource and fountain for information. ,Expanded Information Access
it can be used as a way to find sources/articles for research discussions,Research Tool
It's easier to get the information you need and ask for clarification.,In-person communication
Helping understand key objectives and summarizing topics to help study and learn.,Study Aid
It can give you sources to expand your knowledge. It can teach you things you are struggling with.,Educational Resource
AI chatbots can be beneficial in their ability to produce useful information about any topic at the drop of a hat and to also be able ti articulate it in a way that is easy to understand.,AI Benefits
AI chatbots can help people when there stuck or need more information. ,AI Assistance
"It can help you study way quicker by summarizing, organizing information and better explaining it",Study Aid
Students can use AI to help them learn information which may have been misunderstood in the classroom.,AI-assisted learning
They can help with questions and ellaborates on problems.,Helpful Explanations
maybe to teach really basic information or for menial tasks,Basic Information Teaching
Consise advanced research. Clarification and elaboration.,Advanced Research
"They can be a great source for asking questions in specific topics as long as the user verifies the responses and has a general understanding of what they are doing before referring to the AI chatbot. I find it helpful to work through certain steps in problems that are specific to a topic that I canâ€™t just look up. In higher level courses, it can be difficult to find resources online for such specific problems and tutors/office hours donâ€™t always suffice for the amount of time the support takes. I find AI can be helpful it in explaining why and or how to take certain steps to achieve and answer. Even if it is wrong, it can usually give you some sort of boost towards the correct answer or at least explain the problem well.",Supplementary Educational Support
"AI can explain how to do certain questions, how to approach them, or tell you the general information. It can also give examples which may assist the student in preparing.",AI Tutoring Assistance
"Benefits include getting an answer about a topic right away, and it can help summarize content you may have trouble understanding.",Instant Information
"In my experience, AI can be helpful in tracing where to access primary sources, as well as helping understand a difficult phrase by pasting it into the chatbot and asking it to explain it more clearly. It could be used as a tool to double check grammar, but the student should check it afterwards and not assume that the chatbot is correct. Additionally as an educator AI is useful in writing an assignment description or ordering a lesson plan, as a teacher may want to spend more of their time focused on the students.",AI as Tool
"AI chatbots can be good to get ideas or find quick information, and they can explain complex/confusing concepts which can assist in the learning process. They can also help people proofread their work and get ideas for writing. Furthermore, AI chatbots can also help people create plans and schedules, helping them better manage their time and resources.",Educational Assistance
Students can further research and learn from AI. ,AI-Assisted Learning
"Foreign language practice, example problems for studying",Foreign Language Practice
"One benefit to AI chatbots is that students will be able to gather information about new topics in a very brief overview which will allow them to prepare for class much more easily. Additionally, students may use chatbots to help create practice problems in order to assist them in reviewing for quizzes or exams.",AI-assisted learning
Chatbots can be used as a fast and somewhat reliable method of gaining a summary or can be used as a method for studying ,Chatbot Applications
"Increased learning via easier access to information, personalized responses to specific questions that are hard to find in places like Google",Personalized Learning
fast access to wide variety of data and information. customized explanation of complex topics.,Information Accessibility
"Personalized studying improvements, more direct access to information to help education be more efficient",Personalized Educational Efficiency
One major benefit is getting information quickly and easily,Quick Information Access
Fast access to information,Fast information access
