response,theme,group
Class 1: E,Online Accessibility,Class 1
Greater availability for online students,Online Accessibility,Class 1
Class 2: A,Accessibility,Class 2
Easily obtained and accessible information. ,Accessibility,Class 2
Class 3: S,Information Accessibility,Class 3
Easier access to sources or relevant information that is not as easy to find ,Information Accessibility,Class 3
Class 4: I,Basic Information,Class 4
"if they work, helping give examples or providing basic info",Basic Information,Class 4
Class 5: E,Concise Answers,Class 5
It gives students concise answers that may have gone unanswered otherwise.,Concise Answers,Class 5
Class 6: N,In-depth learning,Class 6
Learning things in-depth,In-depth learning,Class 6
Class 7: S,Academic Support,Class 7
Help answers students questions about school work ,Academic Support,Class 7
Class 8: O,Educational Tool,Class 8
It is an ultimately helpful tool for educational purposes. You have examples at your fingertips to do possibly anything.,Educational Tool,Class 8
Class 9: S,Study Tool,Class 9
Access to knowledge as a study tool,Study Tool,Class 9
Class 10: E,Accessibility Benefits,Class 10
Access and Availability are two key benefits.   These systems can operate and be accessible around the clock and at any location that is accessible to the web (including a portable smart device),Accessibility Benefits,Class 10
Class 11: N,Supplementary Details,Class 11
Expansion info,Supplementary Details,Class 11
Class 12: E,Succinct Responses,Class 12
Immediate and concise answers.,Succinct Responses,Class 12
Class 13: E,Information Source,Class 13
They are a great source to find information,Information Source,Class 13
Class 14: O,Access to Information,Class 14
access to information to learn about a topic,Access to Information,Class 14
Class 15: O,Research Opportunities,Class 15
Research opportunities/ Information Hub ,Research Opportunities,Class 15
Class 16: I,Information Summaries,Class 16
It can give quick summaries of important topics. ,Information Summaries,Class 16
Class 17: N,New information,Class 17
Give new information you dont know,New information,Class 17
Class 18: A,Summarization Capabilities,Class 18
Chatbots are great for summarizing material. ,Summarization Capabilities,Class 18
Class 19: E,Instant Feedback,Class 19
"Providing instant feedback for questions about certain concepts, theorems, or models and possibly referring students to information/websites that have more credibility. ",Instant Feedback,Class 19
Class 20: E,AI in Education,Class 20
"I absolutely see benefits and opportunities using AI chatbots in educational settings! You can cater a chat bot to help you acquire more knowledge on a specific topic, in a field you are struggling in.",AI in Education,Class 20
Class 21: E,Increased Accessibility,Class 21
Access to resources/info some might have otherwise not have,Increased Accessibility,Class 21
Class 22: E,Educational Tool,Class 22
"If used correctly, could be a great learning resource. If you ask an AI chatbot for assistance in maybe defining a term then it can be a useful tool. ",Educational Tool,Class 22
Class 23: N,Test Information,Class 23
Information,Test Information,Class 23
Class 24: T,AI Assistance,Class 24
I think AI can be a great help. I personally use it often to ask for formulas in excel that I don't have committed to memory. ,AI Assistance,Class 24
Class 25: O,Expanded Information Access,Class 25
AI would provide an even broader resource and fountain for information. ,Expanded Information Access,Class 25
Class 26: S,Research Tool,Class 26
it can be used as a way to find sources/articles for research discussions,Research Tool,Class 26
Class 27: T,In-person communication,Class 27
It's easier to get the information you need and ask for clarification.,In-person communication,Class 27
Class 28: E,Study Aid,Class 28
Helping understand key objectives and summarizing topics to help study and learn.,Study Aid,Class 28
Class 29: T,Educational Resource,Class 29
It can give you sources to expand your knowledge. It can teach you things you are struggling with.,Educational Resource,Class 29
Class 30: A,AI Benefits,Class 30
AI chatbots can be beneficial in their ability to produce useful information about any topic at the drop of a hat and to also be able ti articulate it in a way that is easy to understand.,AI Benefits,Class 30
Class 31: E,AI Assistance,Class 31
AI chatbots can help people when there stuck or need more information. ,AI Assistance,Class 31
Class 32: I,Study Aid,Class 32
"It can help you study way quicker by summarizing, organizing information and better explaining it",Study Aid,Class 32
Class 33: E,AI-assisted learning,Class 33
Students can use AI to help them learn information which may have been misunderstood in the classroom.,AI-assisted learning,Class 33
Class 34: E,Helpful Explanations,Class 34
They can help with questions and ellaborates on problems.,Helpful Explanations,Class 34
Class 35: A,Basic Information Teaching,Class 35
maybe to teach really basic information or for menial tasks,Basic Information Teaching,Class 35
Class 36: A,Advanced Research,Class 36
Consise advanced research. Clarification and elaboration.,Advanced Research,Class 36
Class 37: E,Supplementary Educational Support,Class 37
"They can be a great source for asking questions in specific topics as long as the user verifies the responses and has a general understanding of what they are doing before referring to the AI chatbot. I find it helpful to work through certain steps in problems that are specific to a topic that I canâ€™t just look up. In higher level courses, it can be difficult to find resources online for such specific problems and tutors/office hours donâ€™t always suffice for the amount of time the support takes. I find AI can be helpful it in explaining why and or how to take certain steps to achieve and answer. Even if it is wrong, it can usually give you some sort of boost towards the correct answer or at least explain the problem well.",Supplementary Educational Support,Class 37
Class 38: E,AI Tutoring Assistance,Class 38
"AI can explain how to do certain questions, how to approach them, or tell you the general information. It can also give examples which may assist the student in preparing.",AI Tutoring Assistance,Class 38
Class 39: N,Instant Information,Class 39
"Benefits include getting an answer about a topic right away, and it can help summarize content you may have trouble understanding.",Instant Information,Class 39
Class 40: E,AI as Tool,Class 40
"In my experience, AI can be helpful in tracing where to access primary sources, as well as helping understand a difficult phrase by pasting it into the chatbot and asking it to explain it more clearly. It could be used as a tool to double check grammar, but the student should check it afterwards and not assume that the chatbot is correct. Additionally as an educator AI is useful in writing an assignment description or ordering a lesson plan, as a teacher may want to spend more of their time focused on the students.",AI as Tool,Class 40
Class 41: E,Educational Assistance,Class 41
"AI chatbots can be good to get ideas or find quick information, and they can explain complex/confusing concepts which can assist in the learning process. They can also help people proofread their work and get ideas for writing. Furthermore, AI chatbots can also help people create plans and schedules, helping them better manage their time and resources.",Educational Assistance,Class 41
Class 42: R,AI-Assisted Learning,Class 42
Students can further research and learn from AI. ,AI-Assisted Learning,Class 42
Class 43: E,Foreign Language Practice,Class 43
"Foreign language practice, example problems for studying",Foreign Language Practice,Class 43
Class 44: E,AI-assisted learning,Class 44
"One benefit to AI chatbots is that students will be able to gather information about new topics in a very brief overview which will allow them to prepare for class much more easily. Additionally, students may use chatbots to help create practice problems in order to assist them in reviewing for quizzes or exams.",AI-assisted learning,Class 44
Class 45: A,Chatbot Applications,Class 45
Chatbots can be used as a fast and somewhat reliable method of gaining a summary or can be used as a method for studying ,Chatbot Applications,Class 45
Class 46: E,Personalized Learning,Class 46
"Increased learning via easier access to information, personalized responses to specific questions that are hard to find in places like Google",Personalized Learning,Class 46
Class 47: A,Information Accessibility,Class 47
fast access to wide variety of data and information. customized explanation of complex topics.,Information Accessibility,Class 47
Class 48: E,Personalized Educational Efficiency,Class 48
"Personalized studying improvements, more direct access to information to help education be more efficient",Personalized Educational Efficiency,Class 48
Class 49: I,Quick Information Access,Class 49
One major benefit is getting information quickly and easily,Quick Information Access,Class 49
Class 50: A,Fast information access,Class 50
Fast access to information,Fast information access,Class 50
